"STATION","NAME","LATITUDE","LONGITUDE","ELEVATION","DATE","PRCP","PRCP_ATTRIBUTES","SNOW","SNOW_ATTRIBUTES","SNWD","SNWD_ATTRIBUTES","WESD","WESD_ATTRIBUTES","WESF","WESF_ATTRIBUTES"
"US1NYWC0018","ARMONK 0.3 SE, NY US","41.12996","-73.708161","117.3","2019-01-01","1.22",",,N","0.0",",,N","0.0",",,N","0.0",",,N","0.0",",,N"
"US1NYWC0018","ARMONK 0.3 SE, NY US","41.12996","-73.708161","117.3","2019-01-02","0.00",",,N","0.0",",,N","0.0",",,N","0.0",",,N","0.0",",,N"
"US1NYWC0018","ARMONK 0.3 SE, NY US","41.12996","-73.708161","117.3","2019-01-03","0.00",",,N","0.0",",,N","0.0",",,N","0.0",",,N","0.0",",,N"
"US1NYWC0018","ARMONK 0.3 SE, NY US","41.12996","-73.708161","117.3","2019-01-04","0.00",",,N","0.0",",,N","0.0",",,N","0.0",",,N","0.0",",,N"
"US1NYWC0018","ARMONK 0.3 SE, NY US","41.12996","-73.708161","117.3","2019-01-05","0.31",",,N","0.0",",,N","0.0",",,N","0.0",",,N","0.0",",,N"
"US1NYWC0018","ARMONK 0.3 SE, NY US","41.12996","-73.708161","117.3","2019-01-06","0.44",",,N","0.0",",,N","0.0",",,N","0.0",",,N","0.0",",,N"
"US1NYWC0018","ARMONK 0.3 SE, NY US","41.12996","-73.708161","117.3","2019-01-07","0.00",",,N","0.0",",,N","0.0",",,N","0.0",",,N","0.0",",,N"
"US1NYWC0018","ARMONK 0.3 SE, NY US","41.12996","-73.708161","117.3","2019-01-08","0.08",",,N","0.1",",,N","0.1",",,N","0.0","T,,N","0.0","T,,N"
"US1NYWC0018","ARMONK 0.3 SE, NY US","41.12996","-73.708161","117.3","2019-01-09","0.21",",,N","0.0",",,N","0.0",",,N","0.0",",,N","0.0",",,N"
"US1NYWC0018","ARMONK 0.3 SE, NY US","41.12996","-73.708161","117.3","2019-01-10","0.00",",,N","0.0",",,N","0.0",",,N","0.0",",,N","0.0",",,N"
"US1NYWC0018","ARMONK 0.3 SE, NY US","41.12996","-73.708161","117.3","2019-01-11","0.00",",,N","0.0",",,N","0.0",",,N","0.0",",,N","0.0",",,N"
"US1NYWC0018","ARMONK 0.3 SE, NY US","41.12996","-73.708161","117.3","2019-01-12","0.00",",,N","0.0",",,N","0.0",",,N","0.0",",,N","0.0",",,N"
"US1NYWC0018","ARMONK 0.3 SE, NY US","41.12996","-73.708161","117.3","2019-01-13","0.00",",,N","0.0",",,N","0.0",",,N","0.0",",,N","0.0",",,N"
"US1NYWC0018","ARMONK 0.3 SE, NY US","41.12996","-73.708161","117.3","2019-01-14","0.00",",,N","0.0",",,N","0.0",",,N","0.0",",,N","0.0",",,N"
"US1NYWC0018","ARMONK 0.3 SE, NY US","41.12996","-73.708161","117.3","2019-01-15","0.00",",,N","0.0",",,N","0.0",",,N","0.0",",,N","0.0",",,N"
"US1NYWC0018","ARMONK 0.3 SE, NY US","41.12996","-73.708161","117.3","2019-01-16","0.00",",,N","0.0",",,N","0.0",",,N","0.0",",,N","0.0",",,N"
"US1NYWC0018","ARMONK 0.3 SE, NY US","41.12996","-73.708161","117.3","2019-01-17","0.00",",,N","0.0",",,N","0.0",",,N","0.0",",,N","0.0",",,N"
"US1NYWC0018","ARMONK 0.3 SE, NY US","41.12996","-73.708161","117.3","2019-01-18","0.03",",,N","0.3",",,N","0.3",",,N","0.1",",,N","0.1",",,N"
"US1NYWC0018","ARMONK 0.3 SE, NY US","41.12996","-73.708161","117.3","2019-01-19","0.00",",,N","0.0",",,N","0.0",",,N","0.0",",,N","0.0",",,N"
"US1NYWC0018","ARMONK 0.3 SE, NY US","41.12996","-73.708161","117.3","2019-01-20","1.22",",,N","0.8",",,N","0.5",",,N",,,,
"US1NYWC0018","ARMONK 0.3 SE, NY US","41.12996","-73.708161","117.3","2019-01-21","0.14",",,N","0.0",",,N","0.5",",,N",,,"0.0",",,N"
"US1NYWC0018","ARMONK 0.3 SE, NY US","41.12996","-73.708161","117.3","2019-01-22","0.00",",,N","0.0",",,N","0.3",",,N","0.0",",,N","0.0",",,N"
"US1NYWC0018","ARMONK 0.3 SE, NY US","41.12996","-73.708161","117.3","2019-01-23","0.00",",,N","0.0",",,N","0.2",",,N","0.0",",,N","0.0",",,N"
"US1NYWC0018","ARMONK 0.3 SE, NY US","41.12996","-73.708161","117.3","2019-01-24","0.32",",,N","0.0",",,N","0.0",",,N","0.0",",,N","0.0",",,N"
"US1NYWC0018","ARMONK 0.3 SE, NY US","41.12996","-73.708161","117.3","2019-01-25","1.28",",,N","0.0",",,N","0.0",",,N","0.0",",,N","0.0",",,N"
"US1NYWC0018","ARMONK 0.3 SE, NY US","41.12996","-73.708161","117.3","2019-01-26","0.00",",,N","0.0",",,N","0.0",",,N","0.0",",,N","0.0",",,N"
"US1NYWC0018","ARMONK 0.3 SE, NY US","41.12996","-73.708161","117.3","2019-01-27","0.00",",,N","0.0",",,N","0.0",",,N","0.0",",,N","0.0",",,N"
"US1NYWC0018","ARMONK 0.3 SE, NY US","41.12996","-73.708161","117.3","2019-01-28","0.00",",,N","0.0",",,N","0.0",",,N","0.0",",,N","0.0",",,N"
"US1NYWC0018","ARMONK 0.3 SE, NY US","41.12996","-73.708161","117.3","2019-01-29","0.00",",,N","0.0",",,N","0.0",",,N","0.0",",,N","0.0",",,N"
"US1NYWC0018","ARMONK 0.3 SE, NY US","41.12996","-73.708161","117.3","2019-01-30","0.50",",,N","0.0","T,,N","0.0","T,,N","0.0","T,,N","0.0","T,,N"
"US1NYWC0018","ARMONK 0.3 SE, NY US","41.12996","-73.708161","117.3","2019-01-31","0.02",",,N","0.5",",,N","0.5",",,N","0.0",",,N","0.0",",,N"
"US1NYWC0018","ARMONK 0.3 SE, NY US","41.12996","-73.708161","117.3","2019-02-01","0.00",",,N","0.0",",,N","0.0",",,N",,,"0.0",",,N"
"US1NYWC0018","ARMONK 0.3 SE, NY US","41.12996","-73.708161","117.3","2019-02-02","0.00",",,N","0.0",",,N","0.0","T,,N","0.0","T,,N","0.0",",,N"
"US1NYWC0018","ARMONK 0.3 SE, NY US","41.12996","-73.708161","117.3","2019-02-03","0.00",",,N","0.0",",,N","0.0",",,N","0.0",",,N","0.0",",,N"
"US1NYWC0018","ARMONK 0.3 SE, NY US","41.12996","-73.708161","117.3","2019-02-04","0.00",",,N","0.0",",,N","0.0",",,N","0.0",",,N","0.0",",,N"
"US1NYWC0018","ARMONK 0.3 SE, NY US","41.12996","-73.708161","117.3","2019-02-05","0.00",",,N","0.0",",,N","0.0",",,N","0.0",",,N","0.0",",,N"
"US1NYWC0018","ARMONK 0.3 SE, NY US","41.12996","-73.708161","117.3","2019-02-06","0.00",",,N","0.0",",,N","0.0",",,N","0.0",",,N","0.0",",,N"
"US1NYWC0018","ARMONK 0.3 SE, NY US","41.12996","-73.708161","117.3","2019-02-07","0.58",",,N","0.0",",,N","0.0",",,N","0.0",",,N","0.0",",,N"
"US1NYWC0018","ARMONK 0.3 SE, NY US","41.12996","-73.708161","117.3","2019-02-08","0.31",",,N","0.0",",,N","0.0",",,N","0.0",",,N","0.0",",,N"
"US1NYWC0018","ARMONK 0.3 SE, NY US","41.12996","-73.708161","117.3","2019-02-09","0.00",",,N","0.0",",,N","0.0",",,N","0.0",",,N","0.0",",,N"
"US1NYWC0018","ARMONK 0.3 SE, NY US","41.12996","-73.708161","117.3","2019-02-10","0.00",",,N","0.0",",,N","0.0",",,N","0.0",",,N","0.0",",,N"
"US1NYWC0018","ARMONK 0.3 SE, NY US","41.12996","-73.708161","117.3","2019-02-11","0.00",",,N","0.0",",,N","0.0",",,N","0.0",",,N","0.0",",,N"
"US1NYWC0018","ARMONK 0.3 SE, NY US","41.12996","-73.708161","117.3","2019-02-12","0.00",",,N","0.0",",,N","0.0",",,N","0.0",",,N","0.0",",,N"
"US1NYWC0018","ARMONK 0.3 SE, NY US","41.12996","-73.708161","117.3","2019-02-13","0.95",",,N","2.5",",,N","1.5",",,N","0.9",",,N","0.9",",,N"
"US1NYWC0018","ARMONK 0.3 SE, NY US","41.12996","-73.708161","117.3","2019-02-14","0.00",",,N","0.0",",,N","1.5",",,N",,,"0.0",",,N"
"US1NYWC0018","ARMONK 0.3 SE, NY US","41.12996","-73.708161","117.3","2019-02-15","0.00",",,N","0.0",",,N","1.0",",,N",,,"0.0",",,N"
"US1NYWC0018","ARMONK 0.3 SE, NY US","41.12996","-73.708161","117.3","2019-02-16","0.00",",,N","0.0",",,N","0.5",",,N",,,"0.0",",,N"
"US1NYWC0018","ARMONK 0.3 SE, NY US","41.12996","-73.708161","117.3","2019-02-17","0.00",",,N","0.0",",,N","0.3",",,N",,,"0.0",",,N"
"US1NYWC0018","ARMONK 0.3 SE, NY US","41.12996","-73.708161","117.3","2019-02-18","0.17",",,N","0.0","T,,N","0.0","T,,N","0.0","T,,N","0.0","T,,N"
"US1NYWC0018","ARMONK 0.3 SE, NY US","41.12996","-73.708161","117.3","2019-02-19","0.00",",,N","0.0",",,N","0.0",",,N","0.0",",,N","0.0",",,N"
"US1NYWC0018","ARMONK 0.3 SE, NY US","41.12996","-73.708161","117.3","2019-02-20","0.00",",,N","0.0",",,N","0.0",",,N","0.0",",,N","0.0",",,N"
"US1NYWC0018","ARMONK 0.3 SE, NY US","41.12996","-73.708161","117.3","2019-02-21","0.62",",,N","1.0",",,N","1.0",",,N","0.6",",,N","0.6",",,N"
"US1NYWC0018","ARMONK 0.3 SE, NY US","41.12996","-73.708161","117.3","2019-02-22","0.00",",,N","0.0",",,N","0.0",",,N","0.0",",,N","0.0",",,N"
"US1NYWC0018","ARMONK 0.3 SE, NY US","41.12996","-73.708161","117.3","2019-02-23","0.00",",,N","0.0",",,N","0.0",",,N","0.0",",,N","0.0",",,N"
"US1NYWC0018","ARMONK 0.3 SE, NY US","41.12996","-73.708161","117.3","2019-02-24","0.40",",,N","0.0",",,N","0.0",",,N","0.0",",,N","0.0",",,N"
"US1NYWC0018","ARMONK 0.3 SE, NY US","41.12996","-73.708161","117.3","2019-02-25","0.00","T,,N","0.0","T,,N","0.0",",,N","0.0",",,N","0.0","T,,N"
"US1NYWC0018","ARMONK 0.3 SE, NY US","41.12996","-73.708161","117.3","2019-02-26","0.00",",,N","0.0",",,N","0.0",",,N","0.0",",,N","0.0",",,N"
"US1NYWC0018","ARMONK 0.3 SE, NY US","41.12996","-73.708161","117.3","2019-02-27","0.00",",,N","0.0",",,N","0.0",",,N","0.0",",,N","0.0",",,N"
"US1NYWC0018","ARMONK 0.3 SE, NY US","41.12996","-73.708161","117.3","2019-02-28","0.06",",,N","0.4",",,N","0.4",",,N","0.1",",,N","0.1",",,N"
"US1NYWC0018","ARMONK 0.3 SE, NY US","41.12996","-73.708161","117.3","2019-03-01","0.12",",,N","1.2",",,N","1.2",",,N","0.1",",,N","0.1",",,N"
"US1NYWC0018","ARMONK 0.3 SE, NY US","41.12996","-73.708161","117.3","2019-03-02","0.45",",,N","4.2",",,N","4.5",",,N",,,"0.4",",,N"
"US1NYWC0018","ARMONK 0.3 SE, NY US","41.12996","-73.708161","117.3","2019-03-03","0.00",",,N","0.0",",,N","1.5",",,N",,,"0.0",",,N"
"US1NYWC0018","ARMONK 0.3 SE, NY US","41.12996","-73.708161","117.3","2019-03-04","0.85",",,N","9.0",",,N","10.0",",,N","1.2",",,N","0.9",",,N"
"US1NYWC0018","ARMONK 0.3 SE, NY US","41.12996","-73.708161","117.3","2019-03-05","0.00",",,N","0.0",",,N","6.0",",,N",,,"0.0",",,N"
"US1NYWC0018","ARMONK 0.3 SE, NY US","41.12996","-73.708161","117.3","2019-03-06","0.00",",,N","0.0",",,N","5.0",",,N","0.8",",,N","0.0",",,N"
"US1NYWC0018","ARMONK 0.3 SE, NY US","41.12996","-73.708161","117.3","2019-03-07","0.00",",,N","0.0",",,N","5.0",",,N",,,"0.0",",,N"
"US1NYWC0018","ARMONK 0.3 SE, NY US","41.12996","-73.708161","117.3","2019-03-08","0.00",",,N","0.0",",,N","4.0",",,N",,,"0.0",",,N"
"US1NYWC0018","ARMONK 0.3 SE, NY US","41.12996","-73.708161","117.3","2019-03-09","0.00",",,N","0.0",",,N","3.5",",,N",,,"0.0",",,N"
"US1NYWC0018","ARMONK 0.3 SE, NY US","41.12996","-73.708161","117.3","2019-03-10","0.19",",,N","0.5",",,N","3.0",",,N",,,,
"US1NYWC0018","ARMONK 0.3 SE, NY US","41.12996","-73.708161","117.3","2019-03-11","0.07",",,N","0.0",",,N","2.0",",,N",,,"0.0",",,N"
"US1NYWC0018","ARMONK 0.3 SE, NY US","41.12996","-73.708161","117.3","2019-03-12","0.00",",,N","0.0",",,N","1.0",",,N",,,"0.0",",,N"
"US1NYWC0018","ARMONK 0.3 SE, NY US","41.12996","-73.708161","117.3","2019-03-13","0.00",",,N","0.0",",,N","1.0",",,N","0.4",",,N","0.0",",,N"
"US1NYWC0018","ARMONK 0.3 SE, NY US","41.12996","-73.708161","117.3","2019-03-14","0.00",",,N","0.0",",,N","0.5",",,N",,,"0.0",",,N"
"US1NYWC0018","ARMONK 0.3 SE, NY US","41.12996","-73.708161","117.3","2019-03-15","0.00",",,N","0.0",",,N","0.0",",,N","0.0",",,N","0.0",",,N"
"US1NYWC0018","ARMONK 0.3 SE, NY US","41.12996","-73.708161","117.3","2019-03-16","0.39",",,N","0.0",",,N","0.0",",,N","0.0",",,N","0.0",",,N"
"US1NYWC0018","ARMONK 0.3 SE, NY US","41.12996","-73.708161","117.3","2019-03-17","0.00",",,N","0.0",",,N","0.0",",,N","0.0",",,N","0.0",",,N"
"US1NYWC0018","ARMONK 0.3 SE, NY US","41.12996","-73.708161","117.3","2019-03-18","0.00",",,N","0.0",",,N","0.0",",,N","0.0",",,N","0.0",",,N"
"US1NYWC0018","ARMONK 0.3 SE, NY US","41.12996","-73.708161","117.3","2019-03-19","0.00",",,N","0.0",",,N","0.0",",,N","0.0",",,N","0.0",",,N"
"US1NYWC0018","ARMONK 0.3 SE, NY US","41.12996","-73.708161","117.3","2019-03-20","0.00",",,N","0.0",",,N","0.0",",,N","0.0",",,N","0.0",",,N"
"US1NYWC0018","ARMONK 0.3 SE, NY US","41.12996","-73.708161","117.3","2019-03-21","0.02",",,N","0.0",",,N","0.0",",,N","0.0",",,N","0.0",",,N"
"US1NYWC0018","ARMONK 0.3 SE, NY US","41.12996","-73.708161","117.3","2019-03-22","0.98",",,N","0.0",",,N","0.0",",,N","0.0",",,N","0.0",",,N"
"US1NYWC0018","ARMONK 0.3 SE, NY US","41.12996","-73.708161","117.3","2019-03-23","0.05",",,N","0.0","T,,N","0.0",",,N","0.0",",,N","0.0","T,,N"
"US1NYWC0018","ARMONK 0.3 SE, NY US","41.12996","-73.708161","117.3","2019-03-24","0.00",",,N","0.0",",,N","0.0",",,N","0.0",",,N","0.0",",,N"
"US1NYWC0018","ARMONK 0.3 SE, NY US","41.12996","-73.708161","117.3","2019-03-25","0.00",",,N","0.0",",,N","0.0",",,N","0.0",",,N","0.0",",,N"
"US1NYWC0018","ARMONK 0.3 SE, NY US","41.12996","-73.708161","117.3","2019-03-26","0.00",",,N","0.0",",,N","0.0",",,N","0.0",",,N","0.0",",,N"
"US1NYWC0018","ARMONK 0.3 SE, NY US","41.12996","-73.708161","117.3","2019-03-27","0.00",",,N","0.0",",,N","0.0",",,N","0.0",",,N","0.0",",,N"
"US1NYWC0018","ARMONK 0.3 SE, NY US","41.12996","-73.708161","117.3","2019-03-28","0.00",",,N","0.0",",,N","0.0",",,N","0.0",",,N","0.0",",,N"
"US1NYWC0018","ARMONK 0.3 SE, NY US","41.12996","-73.708161","117.3","2019-03-29","0.01",",,N","0.0",",,N","0.0",",,N","0.0",",,N","0.0",",,N"
"US1NYWC0018","ARMONK 0.3 SE, NY US","41.12996","-73.708161","117.3","2019-03-30","0.00",",,N","0.0",",,N","0.0",",,N","0.0",",,N","0.0",",,N"
"US1NYWC0018","ARMONK 0.3 SE, NY US","41.12996","-73.708161","117.3","2019-03-31","0.00",",,N","0.0",",,N","0.0",",,N","0.0",",,N","0.0",",,N"
"US1NYWC0018","ARMONK 0.3 SE, NY US","41.12996","-73.708161","117.3","2019-04-01","0.15",",,N","0.0",",,N","0.0",",,N","0.0",",,N","0.0",",,N"
"US1NYWC0018","ARMONK 0.3 SE, NY US","41.12996","-73.708161","117.3","2019-04-02","0.00",",,N","0.0",",,N","0.0",",,N","0.0",",,N","0.0",",,N"
"US1NYWC0018","ARMONK 0.3 SE, NY US","41.12996","-73.708161","117.3","2019-04-03","0.01",",,N","0.0",",,N","0.0",",,N","0.0",",,N","0.0",",,N"
"US1NYWC0018","ARMONK 0.3 SE, NY US","41.12996","-73.708161","117.3","2019-04-04","0.00",",,N","0.0",",,N","0.0",",,N","0.0",",,N","0.0",",,N"
"US1NYWC0018","ARMONK 0.3 SE, NY US","41.12996","-73.708161","117.3","2019-04-05","0.00",",,N","0.0",",,N","0.0",",,N","0.0",",,N","0.0",",,N"
"US1NYWC0018","ARMONK 0.3 SE, NY US","41.12996","-73.708161","117.3","2019-04-06","0.29",",,N","0.0","T,,N","0.0",",,N","0.0",",,N","0.0","T,,N"
"US1NYWC0018","ARMONK 0.3 SE, NY US","41.12996","-73.708161","117.3","2019-04-07","0.00",",,N","0.0",",,N","0.0",",,N","0.0",",,N","0.0",",,N"
"US1NYWC0018","ARMONK 0.3 SE, NY US","41.12996","-73.708161","117.3","2019-04-08","0.23",",,N","0.0",",,N","0.0",",,N","0.0",",,N","0.0",",,N"
"US1NYWC0018","ARMONK 0.3 SE, NY US","41.12996","-73.708161","117.3","2019-04-09","0.00",",,N","0.0",",,N","0.0",",,N","0.0",",,N","0.0",",,N"
"US1NYWC0018","ARMONK 0.3 SE, NY US","41.12996","-73.708161","117.3","2019-04-10","0.10",",,N","0.0",",,N","0.0",",,N","0.0",",,N","0.0",",,N"
"US1NYWC0018","ARMONK 0.3 SE, NY US","41.12996","-73.708161","117.3","2019-04-11","0.00",",,N","0.0",",,N","0.0",",,N","0.0",",,N","0.0",",,N"
"US1NYWC0018","ARMONK 0.3 SE, NY US","41.12996","-73.708161","117.3","2019-04-12","0.00",",,N","0.0",",,N","0.0",",,N","0.0",",,N","0.0",",,N"
"US1NYWC0018","ARMONK 0.3 SE, NY US","41.12996","-73.708161","117.3","2019-04-13","0.97",",,N","0.0",",,N","0.0",",,N","0.0",",,N","0.0",",,N"
"US1NYWC0018","ARMONK 0.3 SE, NY US","41.12996","-73.708161","117.3","2019-04-14","0.00",",,N","0.0",",,N","0.0",",,N","0.0",",,N","0.0",",,N"
"US1NYWC0018","ARMONK 0.3 SE, NY US","41.12996","-73.708161","117.3","2019-04-15","0.59",",,N","0.0",",,N","0.0",",,N","0.0",",,N","0.0",",,N"
"US1NYWC0018","ARMONK 0.3 SE, NY US","41.12996","-73.708161","117.3","2019-04-16","0.16",",,N","0.0",",,N","0.0",",,N","0.0",",,N","0.0",",,N"
"US1NYWC0018","ARMONK 0.3 SE, NY US","41.12996","-73.708161","117.3","2019-04-17","0.03",",,N","0.0",",,N","0.0",",,N","0.0",",,N","0.0",",,N"
"US1NYWC0018","ARMONK 0.3 SE, NY US","41.12996","-73.708161","117.3","2019-04-18","0.01",",,N","0.0",",,N","0.0",",,N","0.0",",,N","0.0",",,N"
"US1NYWC0018","ARMONK 0.3 SE, NY US","41.12996","-73.708161","117.3","2019-04-19","0.03",",,N","0.0",",,N","0.0",",,N","0.0",",,N","0.0",",,N"
"US1NYWC0018","ARMONK 0.3 SE, NY US","41.12996","-73.708161","117.3","2019-04-20","0.82",",,N","0.0",",,N","0.0",",,N","0.0",",,N","0.0",",,N"
"US1NYWC0018","ARMONK 0.3 SE, NY US","41.12996","-73.708161","117.3","2019-04-21","0.21",",,N","0.0",",,N","0.0",",,N","0.0",",,N","0.0",",,N"
"US1NYWC0018","ARMONK 0.3 SE, NY US","41.12996","-73.708161","117.3","2019-04-22","0.02",",,N","0.0",",,N","0.0",",,N","0.0",",,N","0.0",",,N"
"US1NYWC0018","ARMONK 0.3 SE, NY US","41.12996","-73.708161","117.3","2019-04-23","0.34",",,N","0.0",",,N","0.0",",,N","0.0",",,N","0.0",",,N"
"US1NYWC0018","ARMONK 0.3 SE, NY US","41.12996","-73.708161","117.3","2019-04-24","0.01",",,N","0.0",",,N","0.0",",,N","0.0",",,N","0.0",",,N"
"US1NYWC0018","ARMONK 0.3 SE, NY US","41.12996","-73.708161","117.3","2019-04-25","0.00",",,N","0.0",",,N","0.0",",,N","0.0",",,N","0.0",",,N"
"US1NYWC0018","ARMONK 0.3 SE, NY US","41.12996","-73.708161","117.3","2019-04-26","0.25",",,N","0.0",",,N","0.0",",,N","0.0",",,N","0.0",",,N"
"US1NYWC0018","ARMONK 0.3 SE, NY US","41.12996","-73.708161","117.3","2019-04-27","1.03",",,N","0.0",",,N","0.0",",,N","0.0",",,N","0.0",",,N"
"US1NYWC0018","ARMONK 0.3 SE, NY US","41.12996","-73.708161","117.3","2019-04-28","0.00","T,,N","0.0",",,N","0.0",",,N","0.0",",,N","0.0",",,N"
"US1NYWC0018","ARMONK 0.3 SE, NY US","41.12996","-73.708161","117.3","2019-04-29","0.05",",,N","0.0",",,N","0.0",",,N","0.0",",,N","0.0",",,N"
"US1NYWC0018","ARMONK 0.3 SE, NY US","41.12996","-73.708161","117.3","2019-04-30","0.20",",,N","0.0",",,N","0.0",",,N","0.0",",,N","0.0",",,N"
"US1NYWC0018","ARMONK 0.3 SE, NY US","41.12996","-73.708161","117.3","2019-05-01","0.00",",,N","0.0",",,N","0.0",",,N","0.0",",,N","0.0",",,N"
"US1NYWC0018","ARMONK 0.3 SE, NY US","41.12996","-73.708161","117.3","2019-05-02","0.00","T,,N","0.0",",,N","0.0",",,N","0.0",",,N","0.0",",,N"
"US1NYWC0018","ARMONK 0.3 SE, NY US","41.12996","-73.708161","117.3","2019-05-03","0.06",",,N","0.0",",,N","0.0",",,N","0.0",",,N","0.0",",,N"
"US1NYWC0018","ARMONK 0.3 SE, NY US","41.12996","-73.708161","117.3","2019-05-04","0.17",",,N","0.0",",,N","0.0",",,N","0.0",",,N","0.0",",,N"
"US1NYWC0018","ARMONK 0.3 SE, NY US","41.12996","-73.708161","117.3","2019-05-05","0.37",",,N","0.0",",,N","0.0",",,N","0.0",",,N","0.0",",,N"
"US1NYWC0018","ARMONK 0.3 SE, NY US","41.12996","-73.708161","117.3","2019-05-06","0.72",",,N","0.0",",,N","0.0",",,N","0.0",",,N","0.0",",,N"
"US1NYWC0018","ARMONK 0.3 SE, NY US","41.12996","-73.708161","117.3","2019-05-07","0.00",",,N","0.0",",,N","0.0",",,N","0.0",",,N","0.0",",,N"
"US1NYWC0018","ARMONK 0.3 SE, NY US","41.12996","-73.708161","117.3","2019-05-08","0.06",",,N","0.0",",,N","0.0",",,N","0.0",",,N","0.0",",,N"
"US1NYWC0018","ARMONK 0.3 SE, NY US","41.12996","-73.708161","117.3","2019-05-09","0.00",",,N","0.0",",,N","0.0",",,N","0.0",",,N","0.0",",,N"
"US1NYWC0018","ARMONK 0.3 SE, NY US","41.12996","-73.708161","117.3","2019-05-10","0.02",",,N","0.0",",,N","0.0",",,N","0.0",",,N","0.0",",,N"
"US1NYWC0018","ARMONK 0.3 SE, NY US","41.12996","-73.708161","117.3","2019-05-11","0.03",",,N","0.0",",,N","0.0",",,N","0.0",",,N","0.0",",,N"
"US1NYWC0018","ARMONK 0.3 SE, NY US","41.12996","-73.708161","117.3","2019-05-12","0.53",",,N","0.0",",,N","0.0",",,N","0.0",",,N","0.0",",,N"
"US1NYWC0018","ARMONK 0.3 SE, NY US","41.12996","-73.708161","117.3","2019-05-13","0.89",",,N","0.0",",,N","0.0",",,N","0.0",",,N","0.0",",,N"
"US1NYWC0018","ARMONK 0.3 SE, NY US","41.12996","-73.708161","117.3","2019-05-14","0.56",",,N","0.0",",,N","0.0",",,N","0.0",",,N","0.0",",,N"
"US1NYWC0018","ARMONK 0.3 SE, NY US","41.12996","-73.708161","117.3","2019-05-15","0.16",",,N","0.0",",,N","0.0",",,N","0.0",",,N","0.0",",,N"
"US1NYWC0018","ARMONK 0.3 SE, NY US","41.12996","-73.708161","117.3","2019-05-16","0.02",",,N","0.0",",,N","0.0",",,N","0.0",",,N","0.0",",,N"
"US1NYWC0018","ARMONK 0.3 SE, NY US","41.12996","-73.708161","117.3","2019-05-17","0.00",",,N","0.0",",,N","0.0",",,N","0.0",",,N","0.0",",,N"
"US1NYWC0018","ARMONK 0.3 SE, NY US","41.12996","-73.708161","117.3","2019-05-18","0.03",",,N","0.0",",,N","0.0",",,N","0.0",",,N","0.0",",,N"
"US1NYWC0018","ARMONK 0.3 SE, NY US","41.12996","-73.708161","117.3","2019-05-19","0.00",",,N","0.0",",,N","0.0",",,N","0.0",",,N","0.0",",,N"
"US1NYWC0018","ARMONK 0.3 SE, NY US","41.12996","-73.708161","117.3","2019-05-20","0.56",",,N","0.0",",,N","0.0",",,N","0.0",",,N","0.0",",,N"
"US1NYWC0018","ARMONK 0.3 SE, NY US","41.12996","-73.708161","117.3","2019-05-21","0.12",",,N","0.0",",,N","0.0",",,N","0.0",",,N","0.0",",,N"
"US1NYWC0018","ARMONK 0.3 SE, NY US","41.12996","-73.708161","117.3","2019-05-22","0.00",",,N","0.0",",,N","0.0",",,N","0.0",",,N","0.0",",,N"
"US1NYWC0018","ARMONK 0.3 SE, NY US","41.12996","-73.708161","117.3","2019-05-23","0.15",",,N","0.0",",,N","0.0",",,N","0.0",",,N","0.0",",,N"
"US1NYWC0018","ARMONK 0.3 SE, NY US","41.12996","-73.708161","117.3","2019-05-24","0.32",",,N","0.0",",,N","0.0",",,N","0.0",",,N","0.0",",,N"
"US1NYWC0018","ARMONK 0.3 SE, NY US","41.12996","-73.708161","117.3","2019-05-25","0.00",",,N","0.0",",,N","0.0",",,N","0.0",",,N","0.0",",,N"
"US1NYWC0018","ARMONK 0.3 SE, NY US","41.12996","-73.708161","117.3","2019-05-26","0.05",",,N","0.0",",,N","0.0",",,N","0.0",",,N","0.0",",,N"
"US1NYWC0018","ARMONK 0.3 SE, NY US","41.12996","-73.708161","117.3","2019-05-27","0.02",",,N","0.0",",,N","0.0",",,N","0.0",",,N","0.0",",,N"
"US1NYWC0018","ARMONK 0.3 SE, NY US","41.12996","-73.708161","117.3","2019-05-28","0.00",",,N","0.0",",,N","0.0",",,N","0.0",",,N","0.0",",,N"
"US1NYWC0018","ARMONK 0.3 SE, NY US","41.12996","-73.708161","117.3","2019-05-29","0.15",",,N","0.0",",,N","0.0",",,N","0.0",",,N","0.0",",,N"
"US1NYWC0018","ARMONK 0.3 SE, NY US","41.12996","-73.708161","117.3","2019-05-30","0.72",",,N","0.0",",,N","0.0",",,N","0.0",",,N","0.0",",,N"
"US1NYWC0018","ARMONK 0.3 SE, NY US","41.12996","-73.708161","117.3","2019-05-31","0.78",",,N","0.0",",,N","0.0",",,N","0.0",",,N","0.0",",,N"
"US1NYWC0018","ARMONK 0.3 SE, NY US","41.12996","-73.708161","117.3","2019-06-01","0.00",",,N","0.0",",,N","0.0",",,N","0.0",",,N","0.0",",,N"
"US1NYWC0018","ARMONK 0.3 SE, NY US","41.12996","-73.708161","117.3","2019-06-02","0.00",",,N","0.0",",,N","0.0",",,N","0.0",",,N","0.0",",,N"
"US1NYWC0018","ARMONK 0.3 SE, NY US","41.12996","-73.708161","117.3","2019-06-03","0.00",",,N","0.0",",,N","0.0",",,N","0.0",",,N","0.0",",,N"
"US1NYWC0018","ARMONK 0.3 SE, NY US","41.12996","-73.708161","117.3","2019-06-04","0.00",",,N","0.0",",,N","0.0",",,N","0.0",",,N","0.0",",,N"
"US1NYWC0018","ARMONK 0.3 SE, NY US","41.12996","-73.708161","117.3","2019-06-05","0.01",",,N","0.0",",,N","0.0",",,N","0.0",",,N","0.0",",,N"
"US1NYWC0018","ARMONK 0.3 SE, NY US","41.12996","-73.708161","117.3","2019-06-06","0.00",",,N","0.0",",,N","0.0",",,N","0.0",",,N","0.0",",,N"
"US1NYWC0018","ARMONK 0.3 SE, NY US","41.12996","-73.708161","117.3","2019-06-07","0.00",",,N","0.0",",,N","0.0",",,N","0.0",",,N","0.0",",,N"
"US1NYWC0018","ARMONK 0.3 SE, NY US","41.12996","-73.708161","117.3","2019-06-08","0.00",",,N","0.0",",,N","0.0",",,N","0.0",",,N","0.0",",,N"
"US1NYWC0018","ARMONK 0.3 SE, NY US","41.12996","-73.708161","117.3","2019-06-09","0.00",",,N","0.0",",,N","0.0",",,N","0.0",",,N","0.0",",,N"
"US1NYWC0018","ARMONK 0.3 SE, NY US","41.12996","-73.708161","117.3","2019-06-10","0.00",",,N","0.0",",,N","0.0",",,N","0.0",",,N","0.0",",,N"
"US1NYWC0018","ARMONK 0.3 SE, NY US","41.12996","-73.708161","117.3","2019-06-11","0.71",",,N","0.0",",,N","0.0",",,N","0.0",",,N","0.0",",,N"
"US1NYWC0018","ARMONK 0.3 SE, NY US","41.12996","-73.708161","117.3","2019-06-12","0.03",",,N","0.0",",,N","0.0",",,N","0.0",",,N","0.0",",,N"
"US1NYWC0018","ARMONK 0.3 SE, NY US","41.12996","-73.708161","117.3","2019-06-13","0.13",",,N","0.0",",,N","0.0",",,N",,,"0.0",",,N"
"US1NYWC0018","ARMONK 0.3 SE, NY US","41.12996","-73.708161","117.3","2019-06-14","0.63",",,N","0.0",",,N","0.0",",,N","0.0",",,N","0.0",",,N"
"US1NYWC0018","ARMONK 0.3 SE, NY US","41.12996","-73.708161","117.3","2019-06-15","0.00",",,N","0.0",",,N","0.0",",,N","0.0",",,N","0.0",",,N"
"US1NYWC0018","ARMONK 0.3 SE, NY US","41.12996","-73.708161","117.3","2019-06-16","0.09",",,N","0.0",",,N","0.0",",,N","0.0",",,N","0.0",",,N"
"US1NYWC0018","ARMONK 0.3 SE, NY US","41.12996","-73.708161","117.3","2019-06-17","0.58",",,N","0.0",",,N","0.0",",,N","0.0",",,N","0.0",",,N"
"US1NYWC0018","ARMONK 0.3 SE, NY US","41.12996","-73.708161","117.3","2019-06-18","0.21",",,N","0.0",",,N","0.0",",,N","0.0",",,N","0.0",",,N"
"US1NYWC0018","ARMONK 0.3 SE, NY US","41.12996","-73.708161","117.3","2019-06-19","1.06",",,N","0.0",",,N","0.0",",,N","0.0",",,N","0.0",",,N"
"US1NYWC0018","ARMONK 0.3 SE, NY US","41.12996","-73.708161","117.3","2019-06-20","0.05",",,N","0.0",",,N","0.0",",,N","0.0",",,N","0.0",",,N"
"US1NYWC0018","ARMONK 0.3 SE, NY US","41.12996","-73.708161","117.3","2019-06-21","0.14",",,N","0.0",",,N","0.0",",,N","0.0",",,N","0.0",",,N"
"US1NYWC0018","ARMONK 0.3 SE, NY US","41.12996","-73.708161","117.3","2019-06-22","0.07",",,N","0.0",",,N","0.0",",,N","0.0",",,N","0.0",",,N"
"US1NYWC0018","ARMONK 0.3 SE, NY US","41.12996","-73.708161","117.3","2019-06-23","0.00",",,N","0.0",",,N","0.0",",,N","0.0",",,N","0.0",",,N"
"US1NYWC0018","ARMONK 0.3 SE, NY US","41.12996","-73.708161","117.3","2019-06-24","0.00",",,N","0.0",",,N","0.0",",,N","0.0",",,N","0.0",",,N"
"US1NYWC0018","ARMONK 0.3 SE, NY US","41.12996","-73.708161","117.3","2019-06-25","0.03",",,N","0.0",",,N","0.0",",,N","0.0",",,N","0.0",",,N"
"US1NYWC0018","ARMONK 0.3 SE, NY US","41.12996","-73.708161","117.3","2019-06-26","0.81",",,N","0.0",",,N","0.0",",,N","0.0",",,N","0.0",",,N"
"US1NYWC0018","ARMONK 0.3 SE, NY US","41.12996","-73.708161","117.3","2019-06-27","0.01",",,N","0.0",",,N","0.0",",,N","0.0",",,N","0.0",",,N"
"US1NYWC0018","ARMONK 0.3 SE, NY US","41.12996","-73.708161","117.3","2019-06-28","0.00",",,N","0.0",",,N","0.0",",,N","0.0",",,N","0.0",",,N"
"US1NYWC0018","ARMONK 0.3 SE, NY US","41.12996","-73.708161","117.3","2019-06-29","0.00",",,N","0.0",",,N","0.0",",,N","0.0",",,N","0.0",",,N"
"US1NYWC0018","ARMONK 0.3 SE, NY US","41.12996","-73.708161","117.3","2019-06-30","0.00",",,N","0.0",",,N","0.0",",,N","0.0",",,N","0.0",",,N"
"US1NYWC0018","ARMONK 0.3 SE, NY US","41.12996","-73.708161","117.3","2019-07-01","0.05",",,N","0.0",",,N","0.0",",,N","0.0",",,N","0.0",",,N"
"US1NYWC0018","ARMONK 0.3 SE, NY US","41.12996","-73.708161","117.3","2019-07-02","0.00",",,N","0.0",",,N","0.0",",,N","0.0",",,N","0.0",",,N"
"US1NYWC0018","ARMONK 0.3 SE, NY US","41.12996","-73.708161","117.3","2019-07-03","0.00",",,N","0.0",",,N","0.0",",,N","0.0",",,N","0.0",",,N"
"US1NYWC0018","ARMONK 0.3 SE, NY US","41.12996","-73.708161","117.3","2019-07-04","0.00","T,,N","0.0",",,N","0.0",",,N","0.0",",,N","0.0",",,N"
"US1NYWC0018","ARMONK 0.3 SE, NY US","41.12996","-73.708161","117.3","2019-07-05","0.00",",,N","0.0",",,N","0.0",",,N","0.0",",,N","0.0",",,N"
"US1NYWC0018","ARMONK 0.3 SE, NY US","41.12996","-73.708161","117.3","2019-07-06","0.00",",,N","0.0",",,N","0.0",",,N","0.0",",,N","0.0",",,N"
"US1NYWC0018","ARMONK 0.3 SE, NY US","41.12996","-73.708161","117.3","2019-07-07","0.07",",,N","0.0",",,N","0.0",",,N","0.0",",,N","0.0",",,N"
"US1NYWC0018","ARMONK 0.3 SE, NY US","41.12996","-73.708161","117.3","2019-07-08","0.02",",,N","0.0",",,N","0.0",",,N","0.0",",,N","0.0",",,N"
"US1NYWC0018","ARMONK 0.3 SE, NY US","41.12996","-73.708161","117.3","2019-07-09","0.06",",,N","0.0",",,N","0.0",",,N","0.0",",,N","0.0",",,N"
"US1NYWC0018","ARMONK 0.3 SE, NY US","41.12996","-73.708161","117.3","2019-07-10","0.00",",,N","0.0",",,N","0.0",",,N","0.0",",,N","0.0",",,N"
"US1NYWC0018","ARMONK 0.3 SE, NY US","41.12996","-73.708161","117.3","2019-07-11","0.00",",,N","0.0",",,N","0.0",",,N","0.0",",,N","0.0",",,N"
"US1NYWC0018","ARMONK 0.3 SE, NY US","41.12996","-73.708161","117.3","2019-07-12","0.70",",,N","0.0",",,N","0.0",",,N","0.0",",,N","0.0",",,N"
"US1NYWC0018","ARMONK 0.3 SE, NY US","41.12996","-73.708161","117.3","2019-07-13","0.00",",,N","0.0",",,N","0.0",",,N","0.0",",,N","0.0",",,N"
"US1NYWC0018","ARMONK 0.3 SE, NY US","41.12996","-73.708161","117.3","2019-07-14","0.00",",,N","0.0",",,N","0.0",",,N","0.0",",,N","0.0",",,N"
"US1NYWC0018","ARMONK 0.3 SE, NY US","41.12996","-73.708161","117.3","2019-07-15","0.00",",,N","0.0",",,N","0.0",",,N","0.0",",,N","0.0",",,N"
"US1NYWC0018","ARMONK 0.3 SE, NY US","41.12996","-73.708161","117.3","2019-07-16","0.00",",,N","0.0",",,N","0.0",",,N","0.0",",,N","0.0",",,N"
"US1NYWC0018","ARMONK 0.3 SE, NY US","41.12996","-73.708161","117.3","2019-07-17","0.00",",,N","0.0",",,N","0.0",",,N","0.0",",,N","0.0",",,N"
"US1NYWC0018","ARMONK 0.3 SE, NY US","41.12996","-73.708161","117.3","2019-07-18","0.66",",,N","0.0",",,N","0.0",",,N","0.0",",,N","0.0",",,N"
"US1NYWC0018","ARMONK 0.3 SE, NY US","41.12996","-73.708161","117.3","2019-07-19","0.20",",,N","0.0",",,N","0.0",",,N","0.0",",,N","0.0",",,N"
"US1NYWC0018","ARMONK 0.3 SE, NY US","41.12996","-73.708161","117.3","2019-07-20","0.00",",,N","0.0",",,N","0.0",",,N","0.0",",,N","0.0",",,N"
"US1NYWC0018","ARMONK 0.3 SE, NY US","41.12996","-73.708161","117.3","2019-07-21","0.00",",,N","0.0",",,N","0.0",",,N","0.0",",,N","0.0",",,N"
"US1NYWC0018","ARMONK 0.3 SE, NY US","41.12996","-73.708161","117.3","2019-07-22","0.00",",,N","0.0",",,N","0.0",",,N","0.0",",,N","0.0",",,N"
"US1NYWC0018","ARMONK 0.3 SE, NY US","41.12996","-73.708161","117.3","2019-07-23","3.16",",,N","0.0",",,N","0.0",",,N","0.0",",,N","0.0",",,N"
"US1NYWC0018","ARMONK 0.3 SE, NY US","41.12996","-73.708161","117.3","2019-07-24","0.01",",,N","0.0",",,N","0.0",",,N","0.0",",,N","0.0",",,N"
"US1NYWC0018","ARMONK 0.3 SE, NY US","41.12996","-73.708161","117.3","2019-07-25","0.00",",,N","0.0",",,N","0.0",",,N","0.0",",,N","0.0",",,N"
"US1NYWC0018","ARMONK 0.3 SE, NY US","41.12996","-73.708161","117.3","2019-07-26","0.00",",,N","0.0",",,N","0.0",",,N","0.0",",,N","0.0",",,N"
"US1NYWC0018","ARMONK 0.3 SE, NY US","41.12996","-73.708161","117.3","2019-07-27","0.00",",,N","0.0",",,N","0.0",",,N","0.0",",,N","0.0",",,N"
"US1NYWC0018","ARMONK 0.3 SE, NY US","41.12996","-73.708161","117.3","2019-07-28","0.00",",,N","0.0",",,N","0.0",",,N","0.0",",,N","0.0",",,N"
"US1NYWC0018","ARMONK 0.3 SE, NY US","41.12996","-73.708161","117.3","2019-07-29","0.00",",,N","0.0",",,N","0.0",",,N","0.0",",,N","0.0",",,N"
"US1NYWC0018","ARMONK 0.3 SE, NY US","41.12996","-73.708161","117.3","2019-07-30","0.00",",,N","0.0",",,N","0.0",",,N","0.0",",,N","0.0",",,N"
"US1NYWC0018","ARMONK 0.3 SE, NY US","41.12996","-73.708161","117.3","2019-07-31","0.00","T,,N","0.0",",,N","0.0",",,N","0.0",",,N","0.0",",,N"
"US1NYWC0018","ARMONK 0.3 SE, NY US","41.12996","-73.708161","117.3","2019-08-01","0.91",",,N","0.0",",,N","0.0",",,N","0.0",",,N","0.0",",,N"
"US1NYWC0018","ARMONK 0.3 SE, NY US","41.12996","-73.708161","117.3","2019-08-02","0.00",",,N","0.0",",,N","0.0",",,N","0.0",",,N","0.0",",,N"
"US1NYWC0018","ARMONK 0.3 SE, NY US","41.12996","-73.708161","117.3","2019-08-03","0.00","T,,N","0.0",",,N","0.0",",,N","0.0",",,N","0.0",",,N"
"US1NYWC0018","ARMONK 0.3 SE, NY US","41.12996","-73.708161","117.3","2019-08-04","1.92",",,N","0.0",",,N","0.0",",,N","0.0",",,N","0.0",",,N"
"US1NYWC0018","ARMONK 0.3 SE, NY US","41.12996","-73.708161","117.3","2019-08-05","0.01",",,N","0.0",",,N","0.0",",,N","0.0",",,N","0.0",",,N"
"US1NYWC0018","ARMONK 0.3 SE, NY US","41.12996","-73.708161","117.3","2019-08-06","0.00",",,N","0.0",",,N","0.0",",,N","0.0",",,N","0.0",",,N"
"US1NYWC0018","ARMONK 0.3 SE, NY US","41.12996","-73.708161","117.3","2019-08-07","0.01",",,N","0.0",",,N","0.0",",,N","0.0",",,N","0.0",",,N"
"US1NYWC0018","ARMONK 0.3 SE, NY US","41.12996","-73.708161","117.3","2019-08-08","0.33",",,N","0.0",",,N","0.0",",,N","0.0",",,N","0.0",",,N"
"US1NYWC0018","ARMONK 0.3 SE, NY US","41.12996","-73.708161","117.3","2019-08-09","0.01",",,N","0.0",",,N","0.0",",,N","0.0",",,N","0.0",",,N"
"US1NYWC0018","ARMONK 0.3 SE, NY US","41.12996","-73.708161","117.3","2019-08-10","0.00",",,N","0.0",",,N","0.0",",,N","0.0",",,N","0.0",",,N"
"US1NYWC0018","ARMONK 0.3 SE, NY US","41.12996","-73.708161","117.3","2019-08-11","0.00",",,N","0.0",",,N","0.0",",,N","0.0",",,N","0.0",",,N"
"US1NYWC0018","ARMONK 0.3 SE, NY US","41.12996","-73.708161","117.3","2019-08-12","0.00",",,N","0.0",",,N","0.0",",,N","0.0",",,N","0.0",",,N"
"US1NYWC0018","ARMONK 0.3 SE, NY US","41.12996","-73.708161","117.3","2019-08-13","0.00",",,N","0.0",",,N","0.0",",,N","0.0",",,N","0.0",",,N"
"US1NYWC0018","ARMONK 0.3 SE, NY US","41.12996","-73.708161","117.3","2019-08-14","0.15",",,N","0.0",",,N","0.0",",,N","0.0",",,N","0.0",",,N"
"US1NYWC0018","ARMONK 0.3 SE, NY US","41.12996","-73.708161","117.3","2019-08-15","0.30",",,N","0.0",",,N","0.0",",,N","0.0",",,N","0.0",",,N"
"US1NYWC0018","ARMONK 0.3 SE, NY US","41.12996","-73.708161","117.3","2019-08-16","0.00",",,N","0.0",",,N","0.0",",,N","0.0",",,N","0.0",",,N"
"US1NYWC0018","ARMONK 0.3 SE, NY US","41.12996","-73.708161","117.3","2019-08-17","0.00",",,N","0.0",",,N","0.0",",,N","0.0",",,N","0.0",",,N"
"US1NYWC0018","ARMONK 0.3 SE, NY US","41.12996","-73.708161","117.3","2019-08-18","0.28",",,N","0.0",",,N","0.0",",,N","0.0",",,N","0.0",",,N"
"US1NYWC0018","ARMONK 0.3 SE, NY US","41.12996","-73.708161","117.3","2019-08-19","0.15",",,N","0.0",",,N","0.0",",,N","0.0",",,N","0.0",",,N"
"US1NYWC0018","ARMONK 0.3 SE, NY US","41.12996","-73.708161","117.3","2019-08-20","0.02",",,N","0.0",",,N","0.0",",,N","0.0",",,N","0.0",",,N"
"US1NYWC0018","ARMONK 0.3 SE, NY US","41.12996","-73.708161","117.3","2019-08-21","0.00",",,N","0.0",",,N","0.0",",,N","0.0",",,N","0.0",",,N"
"US1NYWC0018","ARMONK 0.3 SE, NY US","41.12996","-73.708161","117.3","2019-08-22","0.02",",,N","0.0",",,N","0.0",",,N","0.0",",,N","0.0",",,N"
"US1NYWC0018","ARMONK 0.3 SE, NY US","41.12996","-73.708161","117.3","2019-08-23","0.58",",,N","0.0",",,N","0.0",",,N","0.0",",,N","0.0",",,N"
"US1NYWC0018","ARMONK 0.3 SE, NY US","41.12996","-73.708161","117.3","2019-08-24","0.02",",,N","0.0",",,N","0.0",",,N","0.0",",,N","0.0",",,N"
"US1NYWC0018","ARMONK 0.3 SE, NY US","41.12996","-73.708161","117.3","2019-08-25","0.06",",,N","0.0",",,N","0.0",",,N","0.0",",,N","0.0",",,N"
"US1NYWC0018","ARMONK 0.3 SE, NY US","41.12996","-73.708161","117.3","2019-08-26","0.00",",,N","0.0",",,N","0.0",",,N","0.0",",,N","0.0",",,N"
"US1NYWC0018","ARMONK 0.3 SE, NY US","41.12996","-73.708161","117.3","2019-08-27","0.00",",,N","0.0",",,N","0.0",",,N","0.0",",,N","0.0",",,N"
"US1NYWC0018","ARMONK 0.3 SE, NY US","41.12996","-73.708161","117.3","2019-08-28","0.00",",,N","0.0",",,N","0.0",",,N","0.0",",,N","0.0",",,N"
"US1NYWC0018","ARMONK 0.3 SE, NY US","41.12996","-73.708161","117.3","2019-08-29","0.13",",,N","0.0",",,N","0.0",",,N","0.0",",,N","0.0",",,N"
"US1NYWC0018","ARMONK 0.3 SE, NY US","41.12996","-73.708161","117.3","2019-08-30","0.00",",,N","0.0",",,N","0.0",",,N","0.0",",,N","0.0",",,N"
"US1NYWC0018","ARMONK 0.3 SE, NY US","41.12996","-73.708161","117.3","2019-08-31","0.00",",,N","0.0",",,N","0.0",",,N","0.0",",,N","0.0",",,N"
"US1NYWC0018","ARMONK 0.3 SE, NY US","41.12996","-73.708161","117.3","2019-09-01","0.00",",,N","0.0",",,N","0.0",",,N","0.0",",,N","0.0",",,N"
"US1NYWC0018","ARMONK 0.3 SE, NY US","41.12996","-73.708161","117.3","2019-09-02","0.00",",,N","0.0",",,N","0.0",",,N","0.0",",,N","0.0",",,N"
"US1NYWC0018","ARMONK 0.3 SE, NY US","41.12996","-73.708161","117.3","2019-09-03","0.31",",,N","0.0",",,N","0.0",",,N","0.0",",,N","0.0",",,N"
"US1NYWC0018","ARMONK 0.3 SE, NY US","41.12996","-73.708161","117.3","2019-09-04","0.00",",,N","0.0",",,N","0.0",",,N","0.0",",,N","0.0",",,N"
"US1NYWC0018","ARMONK 0.3 SE, NY US","41.12996","-73.708161","117.3","2019-09-05","0.03",",,N","0.0",",,N","0.0",",,N","0.0",",,N","0.0",",,N"
"US1NYWC0018","ARMONK 0.3 SE, NY US","41.12996","-73.708161","117.3","2019-09-06","0.00",",,N","0.0",",,N","0.0",",,N","0.0",",,N","0.0",",,N"
"US1NYWC0018","ARMONK 0.3 SE, NY US","41.12996","-73.708161","117.3","2019-09-07","0.11",",,N","0.0",",,N","0.0",",,N","0.0",",,N","0.0",",,N"
"US1NYWC0018","ARMONK 0.3 SE, NY US","41.12996","-73.708161","117.3","2019-09-08","0.00",",,N","0.0",",,N","0.0",",,N","0.0",",,N","0.0",",,N"
"US1NYWC0018","ARMONK 0.3 SE, NY US","41.12996","-73.708161","117.3","2019-09-09","0.00",",,N","0.0",",,N","0.0",",,N","0.0",",,N","0.0",",,N"
"US1NYWC0018","ARMONK 0.3 SE, NY US","41.12996","-73.708161","117.3","2019-09-10","0.02",",,N","0.0",",,N","0.0",",,N","0.0",",,N","0.0",",,N"
"US1NYWC0018","ARMONK 0.3 SE, NY US","41.12996","-73.708161","117.3","2019-09-11","0.00",",,N","0.0",",,N","0.0",",,N","0.0",",,N","0.0",",,N"
"US1NYWC0018","ARMONK 0.3 SE, NY US","41.12996","-73.708161","117.3","2019-09-12","0.33",",,N","0.0",",,N","0.0",",,N","0.0",",,N","0.0",",,N"
"US1NYWC0018","ARMONK 0.3 SE, NY US","41.12996","-73.708161","117.3","2019-09-13","0.04",",,N","0.0",",,N","0.0",",,N","0.0",",,N","0.0",",,N"
"US1NYWC0018","ARMONK 0.3 SE, NY US","41.12996","-73.708161","117.3","2019-09-14","0.00",",,N","0.0",",,N","0.0",",,N","0.0",",,N","0.0",",,N"
"US1NYWC0018","ARMONK 0.3 SE, NY US","41.12996","-73.708161","117.3","2019-09-15","0.12",",,N","0.0",",,N","0.0",",,N","0.0",",,N","0.0",",,N"
"US1NYWC0018","ARMONK 0.3 SE, NY US","41.12996","-73.708161","117.3","2019-09-16","0.01",",,N","0.0",",,N","0.0",",,N","0.0",",,N","0.0",",,N"
"US1NYWC0018","ARMONK 0.3 SE, NY US","41.12996","-73.708161","117.3","2019-09-17","0.00",",,N","0.0",",,N","0.0",",,N","0.0",",,N","0.0",",,N"
"US1NYWC0018","ARMONK 0.3 SE, NY US","41.12996","-73.708161","117.3","2019-09-18","0.00",",,N","0.0",",,N","0.0",",,N","0.0",",,N","0.0",",,N"
"US1NYWC0018","ARMONK 0.3 SE, NY US","41.12996","-73.708161","117.3","2019-09-19","0.00",",,N","0.0",",,N","0.0",",,N","0.0",",,N","0.0",",,N"
"US1NYWC0018","ARMONK 0.3 SE, NY US","41.12996","-73.708161","117.3","2019-09-20","0.00",",,N","0.0",",,N","0.0",",,N","0.0",",,N","0.0",",,N"
"US1NYWC0018","ARMONK 0.3 SE, NY US","41.12996","-73.708161","117.3","2019-09-21","0.00",",,N","0.0",",,N","0.0",",,N","0.0",",,N","0.0",",,N"
"US1NYWC0018","ARMONK 0.3 SE, NY US","41.12996","-73.708161","117.3","2019-09-22","0.00",",,N","0.0",",,N","0.0",",,N","0.0",",,N","0.0",",,N"
"US1NYWC0018","ARMONK 0.3 SE, NY US","41.12996","-73.708161","117.3","2019-09-23","0.00",",,N","0.0",",,N","0.0",",,N","0.0",",,N","0.0",",,N"
"US1NYWC0018","ARMONK 0.3 SE, NY US","41.12996","-73.708161","117.3","2019-09-24","0.02",",,N","0.0",",,N","0.0",",,N","0.0",",,N","0.0",",,N"
"US1NYWC0018","ARMONK 0.3 SE, NY US","41.12996","-73.708161","117.3","2019-09-25","0.00",",,N","0.0",",,N","0.0",",,N","0.0",",,N","0.0",",,N"
"US1NYWC0018","ARMONK 0.3 SE, NY US","41.12996","-73.708161","117.3","2019-09-26","0.00",",,N","0.0",",,N","0.0",",,N","0.0",",,N","0.0",",,N"
"US1NYWC0018","ARMONK 0.3 SE, NY US","41.12996","-73.708161","117.3","2019-09-27","0.09",",,N","0.0",",,N","0.0",",,N","0.0",",,N","0.0",",,N"
"US1NYWC0018","ARMONK 0.3 SE, NY US","41.12996","-73.708161","117.3","2019-09-28","0.00",",,N","0.0",",,N","0.0",",,N","0.0",",,N","0.0",",,N"
"US1NYWC0018","ARMONK 0.3 SE, NY US","41.12996","-73.708161","117.3","2019-09-29","0.00",",,N","0.0",",,N","0.0",",,N","0.0",",,N","0.0",",,N"
"US1NYWC0018","ARMONK 0.3 SE, NY US","41.12996","-73.708161","117.3","2019-09-30","0.00",",,N","0.0",",,N","0.0",",,N","0.0",",,N","0.0",",,N"
"US1NYWC0018","ARMONK 0.3 SE, NY US","41.12996","-73.708161","117.3","2019-10-01","0.02",",,N","0.0",",,N","0.0",",,N","0.0",",,N","0.0",",,N"
"US1NYWC0018","ARMONK 0.3 SE, NY US","41.12996","-73.708161","117.3","2019-10-02","0.00",",,N","0.0",",,N","0.0",",,N","0.0",",,N","0.0",",,N"
"US1NYWC0018","ARMONK 0.3 SE, NY US","41.12996","-73.708161","117.3","2019-10-03","0.01",",,N","0.0",",,N","0.0",",,N","0.0",",,N","0.0",",,N"
"US1NYWC0018","ARMONK 0.3 SE, NY US","41.12996","-73.708161","117.3","2019-10-04","0.41",",,N","0.0",",,N","0.0",",,N","0.0",",,N","0.0",",,N"
"US1NYWC0018","ARMONK 0.3 SE, NY US","41.12996","-73.708161","117.3","2019-10-05","0.00",",,N","0.0",",,N","0.0",",,N","0.0",",,N","0.0",",,N"
"US1NYWC0018","ARMONK 0.3 SE, NY US","41.12996","-73.708161","117.3","2019-10-06","0.00",",,N","0.0",",,N","0.0",",,N","0.0",",,N","0.0",",,N"
"US1NYWC0018","ARMONK 0.3 SE, NY US","41.12996","-73.708161","117.3","2019-10-07","0.01",",,N","0.0",",,N","0.0",",,N","0.0",",,N","0.0",",,N"
"US1NYWC0018","ARMONK 0.3 SE, NY US","41.12996","-73.708161","117.3","2019-10-08","0.45",",,N","0.0",",,N","0.0",",,N","0.0",",,N","0.0",",,N"
"US1NYWC0018","ARMONK 0.3 SE, NY US","41.12996","-73.708161","117.3","2019-10-09","0.00",",,N","0.0",",,N","0.0",",,N","0.0",",,N","0.0",",,N"
"US1NYWC0018","ARMONK 0.3 SE, NY US","41.12996","-73.708161","117.3","2019-10-10","0.42",",,N","0.0",",,N","0.0",",,N","0.0",",,N","0.0",",,N"
"US1NYWC0018","ARMONK 0.3 SE, NY US","41.12996","-73.708161","117.3","2019-10-11","0.00",",,N","0.0",",,N","0.0",",,N","0.0",",,N","0.0",",,N"
"US1NYWC0018","ARMONK 0.3 SE, NY US","41.12996","-73.708161","117.3","2019-10-12","0.00",",,N","0.0",",,N","0.0",",,N","0.0",",,N","0.0",",,N"
"US1NYWC0018","ARMONK 0.3 SE, NY US","41.12996","-73.708161","117.3","2019-10-13","0.00",",,N","0.0",",,N","0.0",",,N","0.0",",,N","0.0",",,N"
"US1NYWC0018","ARMONK 0.3 SE, NY US","41.12996","-73.708161","117.3","2019-10-14","0.00",",,N","0.0",",,N","0.0",",,N","0.0",",,N","0.0",",,N"
"US1NYWC0018","ARMONK 0.3 SE, NY US","41.12996","-73.708161","117.3","2019-10-15","0.00",",,N","0.0",",,N","0.0",",,N","0.0",",,N","0.0",",,N"
"US1NYWC0018","ARMONK 0.3 SE, NY US","41.12996","-73.708161","117.3","2019-10-16","0.00",",,N","0.0",",,N","0.0",",,N","0.0",",,N","0.0",",,N"
"US1NYWC0018","ARMONK 0.3 SE, NY US","41.12996","-73.708161","117.3","2019-10-17","2.65",",,N","0.0",",,N","0.0",",,N","0.0",",,N","0.0",",,N"
"US1NYWC0018","ARMONK 0.3 SE, NY US","41.12996","-73.708161","117.3","2019-10-18","0.01",",,N","0.0",",,N","0.0",",,N","0.0",",,N","0.0",",,N"
"US1NYWC0018","ARMONK 0.3 SE, NY US","41.12996","-73.708161","117.3","2019-10-19","0.00",",,N","0.0",",,N","0.0",",,N","0.0",",,N","0.0",",,N"
"US1NYWC0018","ARMONK 0.3 SE, NY US","41.12996","-73.708161","117.3","2019-10-20","0.00",",,N","0.0",",,N","0.0",",,N","0.0",",,N","0.0",",,N"
"US1NYWC0018","ARMONK 0.3 SE, NY US","41.12996","-73.708161","117.3","2019-10-21","0.35",",,N","0.0",",,N","0.0",",,N","0.0",",,N","0.0",",,N"
"US1NYWC0018","ARMONK 0.3 SE, NY US","41.12996","-73.708161","117.3","2019-10-22","0.00",",,N","0.0",",,N","0.0",",,N","0.0",",,N","0.0",",,N"
"US1NYWC0018","ARMONK 0.3 SE, NY US","41.12996","-73.708161","117.3","2019-10-23","0.46",",,N","0.0",",,N","0.0",",,N","0.0",",,N","0.0",",,N"
"US1NYWC0018","ARMONK 0.3 SE, NY US","41.12996","-73.708161","117.3","2019-10-24","0.00",",,N","0.0",",,N","0.0",",,N","0.0",",,N","0.0",",,N"
"US1NYWC0018","ARMONK 0.3 SE, NY US","41.12996","-73.708161","117.3","2019-10-25","0.00",",,N","0.0",",,N","0.0",",,N","0.0",",,N","0.0",",,N"
"US1NYWC0018","ARMONK 0.3 SE, NY US","41.12996","-73.708161","117.3","2019-10-26","0.00",",,N","0.0",",,N","0.0",",,N","0.0",",,N","0.0",",,N"
"US1NYWC0018","ARMONK 0.3 SE, NY US","41.12996","-73.708161","117.3","2019-10-27","0.16",",,N","0.0",",,N","0.0",",,N","0.0",",,N","0.0",",,N"
"US1NYWC0018","ARMONK 0.3 SE, NY US","41.12996","-73.708161","117.3","2019-10-28","1.62",",,N","0.0",",,N","0.0",",,N","0.0",",,N","0.0",",,N"
"US1NYWC0018","ARMONK 0.3 SE, NY US","41.12996","-73.708161","117.3","2019-10-29","0.01",",,N","0.0",",,N","0.0",",,N","0.0",",,N","0.0",",,N"
"US1NYWC0018","ARMONK 0.3 SE, NY US","41.12996","-73.708161","117.3","2019-10-30","0.03",",,N","0.0",",,N","0.0",",,N","0.0",",,N","0.0",",,N"
"US1NYWC0018","ARMONK 0.3 SE, NY US","41.12996","-73.708161","117.3","2019-10-31","0.38",",,N","0.0",",,N","0.0",",,N","0.0",",,N","0.0",",,N"
"US1NYWC0018","ARMONK 0.3 SE, NY US","41.12996","-73.708161","117.3","2019-11-01","0.68",",,N","0.0",",,N","0.0",",,N","0.0",",,N","0.0",",,N"
"US1NYWC0018","ARMONK 0.3 SE, NY US","41.12996","-73.708161","117.3","2019-11-02","0.00",",,N","0.0",",,N","0.0",",,N","0.0",",,N","0.0",",,N"
"US1NYWC0018","ARMONK 0.3 SE, NY US","41.12996","-73.708161","117.3","2019-11-03","0.00",",,N","0.0",",,N","0.0",",,N","0.0",",,N","0.0",",,N"
"US1NYWC0018","ARMONK 0.3 SE, NY US","41.12996","-73.708161","117.3","2019-11-04","0.00",",,N","0.0",",,N","0.0",",,N","0.0",",,N","0.0",",,N"
"US1NYWC0018","ARMONK 0.3 SE, NY US","41.12996","-73.708161","117.3","2019-11-05","0.01",",,N","0.0",",,N","0.0",",,N","0.0",",,N","0.0",",,N"
"US1NYWC0018","ARMONK 0.3 SE, NY US","41.12996","-73.708161","117.3","2019-11-06","0.00",",,N","0.0",",,N","0.0",",,N","0.0",",,N","0.0",",,N"
"US1NYWC0018","ARMONK 0.3 SE, NY US","41.12996","-73.708161","117.3","2019-11-07","0.00",",,N","0.0",",,N","0.0",",,N","0.0",",,N","0.0",",,N"
"US1NYWC0018","ARMONK 0.3 SE, NY US","41.12996","-73.708161","117.3","2019-11-08","0.20",",,N","0.0",",,N","0.0",",,N","0.0",",,N","0.0",",,N"
"US1NYWC0018","ARMONK 0.3 SE, NY US","41.12996","-73.708161","117.3","2019-11-09","0.00",",,N","0.0",",,N","0.0",",,N","0.0",",,N","0.0",",,N"
"US1NYWC0018","ARMONK 0.3 SE, NY US","41.12996","-73.708161","117.3","2019-11-10","0.00",",,N","0.0",",,N","0.0",",,N","0.0",",,N","0.0",",,N"
"US1NYWC0018","ARMONK 0.3 SE, NY US","41.12996","-73.708161","117.3","2019-11-11","0.00",",,N","0.0",",,N","0.0",",,N","0.0",",,N","0.0",",,N"
"US1NYWC0018","ARMONK 0.3 SE, NY US","41.12996","-73.708161","117.3","2019-11-12","0.00","T,,N","0.0",",,N","0.0",",,N","0.0",",,N","0.0",",,N"
"US1NYWC0018","ARMONK 0.3 SE, NY US","41.12996","-73.708161","117.3","2019-11-13","0.06",",,N","0.0","T,,N","0.0",",,N","0.0",",,N","0.0","T,,N"
"US1NYWC0018","ARMONK 0.3 SE, NY US","41.12996","-73.708161","117.3","2019-11-14","0.00",",,N","0.0",",,N",,,,,,
"US1NYWC0018","ARMONK 0.3 SE, NY US","41.12996","-73.708161","117.3","2019-11-15","0.00",",,N","0.0",",,N","0.0",",,N","0.0",",,N","0.0",",,N"
"US1NYWC0018","ARMONK 0.3 SE, NY US","41.12996","-73.708161","117.3","2019-11-16","0.00",",,N","0.0",",,N","0.0",",,N","0.0",",,N","0.0",",,N"
"US1NYWC0018","ARMONK 0.3 SE, NY US","41.12996","-73.708161","117.3","2019-11-17","0.00",",,N","0.0",",,N","0.0",",,N","0.0",",,N","0.0",",,N"
"US1NYWC0018","ARMONK 0.3 SE, NY US","41.12996","-73.708161","117.3","2019-11-18","0.01",",,N","0.0",",,N","0.0",",,N","0.0",",,N","0.0",",,N"
"US1NYWC0018","ARMONK 0.3 SE, NY US","41.12996","-73.708161","117.3","2019-11-19","1.04",",,N","0.0",",,N","0.0",",,N","0.0",",,N","0.0",",,N"
"US1NYWC0018","ARMONK 0.3 SE, NY US","41.12996","-73.708161","117.3","2019-11-20","0.00",",,N","0.0",",,N",,,,,,
"US1NYWC0018","ARMONK 0.3 SE, NY US","41.12996","-73.708161","117.3","2019-11-21","0.00","T,,N","0.0",",,N","0.0",",,N","0.0",",,N","0.0",",,N"
"US1NYWC0018","ARMONK 0.3 SE, NY US","41.12996","-73.708161","117.3","2019-11-22","0.00",",,N","0.0",",,N","0.0",",,N","0.0",",,N","0.0",",,N"
"US1NYWC0018","ARMONK 0.3 SE, NY US","41.12996","-73.708161","117.3","2019-11-23","0.11",",,N","0.0",",,N","0.0",",,N","0.0",",,N","0.0",",,N"
"US1NYWC0018","ARMONK 0.3 SE, NY US","41.12996","-73.708161","117.3","2019-11-24","0.61",",,N","0.0","T,,N","0.0",",,N","0.0",",,N","0.0","T,,N"
"US1NYWC0018","ARMONK 0.3 SE, NY US","41.12996","-73.708161","117.3","2019-11-25","0.25",",,N","0.0",",,N","0.0",",,N","0.0",",,N","0.0",",,N"
"US1NYWC0018","ARMONK 0.3 SE, NY US","41.12996","-73.708161","117.3","2019-11-26","0.00",",,N","0.0",",,N","0.0",",,N","0.0",",,N","0.0",",,N"
"US1NYWC0018","ARMONK 0.3 SE, NY US","41.12996","-73.708161","117.3","2019-11-27","0.00",",,N","0.0",",,N","0.0",",,N","0.0",",,N","0.0",",,N"
"US1NYWC0018","ARMONK 0.3 SE, NY US","41.12996","-73.708161","117.3","2019-11-28","0.02",",,N","0.0",",,N","0.0",",,N","0.0",",,N","0.0",",,N"
"US1NYWC0018","ARMONK 0.3 SE, NY US","41.12996","-73.708161","117.3","2019-11-29","0.00",",,N","0.0",",,N","0.0",",,N","0.0",",,N","0.0",",,N"
"US1NYWC0018","ARMONK 0.3 SE, NY US","41.12996","-73.708161","117.3","2019-11-30","0.00",",,N","0.0",",,N","0.0",",,N","0.0",",,N","0.0",",,N"
"US1NYWC0018","ARMONK 0.3 SE, NY US","41.12996","-73.708161","117.3","2019-12-01","0.00",",,N","0.0",",,N","0.0",",,N","0.0",",,N","0.0",",,N"
"US1NYWC0018","ARMONK 0.3 SE, NY US","41.12996","-73.708161","117.3","2019-12-02","0.82",",,N",,,"0.5",",,N",,,,
"US1NYWC0018","ARMONK 0.3 SE, NY US","41.12996","-73.708161","117.3","2019-12-03","0.40",",,N","2.0",",,N","2.5",",,N",,,"0.4",",,N"
"US1NYWC0018","ARMONK 0.3 SE, NY US","41.12996","-73.708161","117.3","2019-12-04","0.00",",,N","0.0",",,N","2.5",",,N",,,"0.0",",,N"
"US1NYWC0018","ARMONK 0.3 SE, NY US","41.12996","-73.708161","117.3","2019-12-05","0.00","T,,N","0.0","T,,N","2.0",",,N",,,"0.0","T,,N"
"US1NYWC0018","ARMONK 0.3 SE, NY US","41.12996","-73.708161","117.3","2019-12-06","0.00",",,N","0.0",",,N","1.5",",,N",,,"0.0",",,N"
"US1NYWC0018","ARMONK 0.3 SE, NY US","41.12996","-73.708161","117.3","2019-12-07","0.00","T,,N","0.0","T,,N","0.5",",,N",,,"0.0","T,,N"
"US1NYWC0018","ARMONK 0.3 SE, NY US","41.12996","-73.708161","117.3","2019-12-08","0.00",",,N","0.0",",,N","0.5",",,N",,,"0.0",",,N"
"US1NYWC0018","ARMONK 0.3 SE, NY US","41.12996","-73.708161","117.3","2019-12-09","0.46",",,N","0.0",",,N","0.0",",,N","0.0",",,N","0.0",",,N"
"US1NYWC0018","ARMONK 0.3 SE, NY US","41.12996","-73.708161","117.3","2019-12-10","0.90",",,N","0.0",",,N","0.0",",,N","0.0",",,N","0.0",",,N"
"US1NYWC0018","ARMONK 0.3 SE, NY US","41.12996","-73.708161","117.3","2019-12-11","0.65",",,N","2.0",",,N","2.0",",,N",,,,
"US1NYWC0018","ARMONK 0.3 SE, NY US","41.12996","-73.708161","117.3","2019-12-12","0.00",",,N","0.0",",,N","1.5",",,N",,,"0.0",",,N"
"US1NYWC0018","ARMONK 0.3 SE, NY US","41.12996","-73.708161","117.3","2019-12-13","0.00",",,N","0.0",",,N","1.0",",,N",,,"0.0",",,N"
"US1NYWC0018","ARMONK 0.3 SE, NY US","41.12996","-73.708161","117.3","2019-12-14","1.70",",,N","0.0",",,N","0.0",",,N","0.0",",,N","0.0",",,N"
"US1NYWC0018","ARMONK 0.3 SE, NY US","41.12996","-73.708161","117.3","2019-12-15","0.04",",,N","0.0",",,N","0.0",",,N","0.0",",,N","0.0",",,N"
"US1NYWC0018","ARMONK 0.3 SE, NY US","41.12996","-73.708161","117.3","2019-12-16","0.00",",,N","0.0",",,N","0.0",",,N","0.0",",,N","0.0",",,N"
"US1NYWC0018","ARMONK 0.3 SE, NY US","41.12996","-73.708161","117.3","2019-12-17","0.40",",,N","0.5",",,N","0.5",",,N",,,,
"US1NYWC0018","ARMONK 0.3 SE, NY US","41.12996","-73.708161","117.3","2019-12-18","0.25",",,N","0.0",",,N","0.5",",,N",,,"0.0",",,N"
"US1NYWC0018","ARMONK 0.3 SE, NY US","41.12996","-73.708161","117.3","2019-12-19","0.01",",,N","0.2",",,N","0.5",",,N",,,"0.0",",,N"
"US1NYWC0018","ARMONK 0.3 SE, NY US","41.12996","-73.708161","117.3","2019-12-20","0.00",",,N","0.0",",,N","0.5",",,N",,,"0.0",",,N"
"US1NYWC0018","ARMONK 0.3 SE, NY US","41.12996","-73.708161","117.3","2019-12-21","0.00",",,N","0.0",",,N","0.3",",,N",,,"0.0",",,N"
"US1NYWC0018","ARMONK 0.3 SE, NY US","41.12996","-73.708161","117.3","2019-12-22","0.00",",,N","0.0",",,N","0.3",",,N",,,"0.0",",,N"
"US1NYWC0018","ARMONK 0.3 SE, NY US","41.12996","-73.708161","117.3","2019-12-23","0.00",",,N","0.0",",,N","0.0",",,N","0.0",",,N","0.0",",,N"
"US1NYWC0018","ARMONK 0.3 SE, NY US","41.12996","-73.708161","117.3","2019-12-24","0.00",",,N","0.0",",,N","0.0",",,N","0.0",",,N","0.0",",,N"
"US1NYWC0018","ARMONK 0.3 SE, NY US","41.12996","-73.708161","117.3","2019-12-25","0.00",",,N","0.0",",,N","0.0",",,N","0.0",",,N","0.0",",,N"
"US1NYWC0018","ARMONK 0.3 SE, NY US","41.12996","-73.708161","117.3","2019-12-26","0.00",",,N","0.0",",,N","0.0",",,N","0.0",",,N","0.0",",,N"
"US1NYWC0018","ARMONK 0.3 SE, NY US","41.12996","-73.708161","117.3","2019-12-27","0.00",",,N","0.0",",,N","0.0",",,N","0.0",",,N","0.0",",,N"
"US1NYWC0018","ARMONK 0.3 SE, NY US","41.12996","-73.708161","117.3","2019-12-28","0.00",",,N","0.0",",,N","0.0",",,N","0.0",",,N","0.0",",,N"
"US1NYWC0018","ARMONK 0.3 SE, NY US","41.12996","-73.708161","117.3","2019-12-29","0.00",",,N","0.0",",,N","0.0",",,N","0.0",",,N","0.0",",,N"
"US1NYWC0018","ARMONK 0.3 SE, NY US","41.12996","-73.708161","117.3","2019-12-30","0.64",",,N","0.0",",,N","0.0",",,N","0.0",",,N","0.0",",,N"
"US1NYWC0018","ARMONK 0.3 SE, NY US","41.12996","-73.708161","117.3","2019-12-31","0.29",",,N","0.0",",,N","0.0",",,N","0.0",",,N","0.0",",,N"
